"","Species","X12S","X16S","cytb","CXCR4","H3A","NCX1","POMC","RAG1","RHOD","SIA","SLC8A3","TYR","IUCN_status","population_trend"
"54","Ambystoma_andersoni","AY659993","AY659993","AY659993",NA,NA,NA,NA,NA,NA,NA,NA,NA,"CR","decreasing"
"55","Ambystoma_barbouri",NA,NA,"EF036616",NA,NA,NA,NA,NA,NA,NA,NA,NA,"NT","decreasing"
"56","Ambystoma_californiense","AY659995","AY659995","AY659995",NA,NA,NA,NA,NA,NA,NA,NA,NA,"VU","decreasing"
"57","Ambystoma_cingulatum","DQ283184","DQ283184 ","EF036621",NA,"DQ284218",NA,NA,NA,NA,NA,NA,NA,"VU","decreasing"
"58","Ambystoma_dumerilii","AY659994","AY659994","AY659994",NA,NA,NA,NA,NA,NA,NA,NA,NA,"CR","decreasing"
"59","Ambystoma_gracile",NA,NA,"EF036623",NA,NA,NA,NA,"AY650131",NA,NA,NA,NA,"LC","stable"
"60","Ambystoma_jeffersonianum",NA,NA,"EF036687",NA,NA,NA,NA,NA,NA,NA,NA,NA,"LC","stable"
"61","Ambystoma_laterale","AY728218","AY728218","EF036630",NA,NA,NA,NA,NA,NA,NA,NA,NA,"LC","stable"
"62","Ambystoma_mabeei",NA,NA,"EF036632",NA,NA,NA,NA,NA,NA,NA,NA,NA,"LC","decreasing"
"63","Ambystoma_macrodactylum",NA,NA,"EF036634",NA,NA,NA,NA,NA,NA,NA,NA,NA,"LC","stable"
"64","Ambystoma_maculatum",NA,NA,"EF036637",NA,NA,NA,NA,NA,NA,NA,NA,NA,"LC","stable"
"65","Ambystoma_mexicanum","DQ283213","Y10947","AY341745","EF107455","DQ284244","EF107230",NA,"AY323752","DQ283893",NA,"EF107367",NA,"CR","decreasing"
"66","Ambystoma_opacum",NA,NA,"EF036638",NA,NA,NA,NA,"AY650130",NA,NA,NA,NA,"LC","stable"
"67","Ambystoma_ordinarium",NA,NA,NA,NA,NA,NA,NA,"AY583345",NA,NA,NA,NA,"EN","decreasing"
"68","Ambystoma_talpoideum",NA,NA,"EF036640",NA,NA,NA,NA,NA,NA,NA,NA,NA,"LC","stable"
"69","Ambystoma_texanum",NA,NA,"EF036664",NA,NA,NA,NA,NA,NA,NA,NA,NA,"LC","stable"
"70","Ambystoma_tigrinum","DQ283407","DQ283407 ","EF036667",NA,"DQ284388",NA,NA,NA,"DQ284016","DQ282864",NA,NA,"LC","stable"
"116","Amphiuma_means","GQ368656","FJ951270","FJ951335","EF107472",NA,"EF107248","FJ951366","AY650127",NA,NA,"EF107406",NA,"LC","unknown"
"117","Amphiuma_pholeter",NA,"FJ951275","FJ951346",NA,NA,"FJ951363","FJ951367","AY650128",NA,NA,"FJ951421",NA,"NT","decreasing"
"118","Amphiuma_tridactylum","DQ283119","DQ283119 ","FJ951356",NA,"DQ284165","FJ951361","FJ951368","FJ951369",NA,NA,"FJ951419",NA,"LC","stable"
"119","Andrias_davidianus","AY915966","AY915966","AF255430",NA,NA,"AY948847","EU275843","AY650142",NA,NA,"AY948911",NA,"CR","decreasing"
"120","Andrias_japonicus","DQ283274","DQ283274 ","AB445775",NA,"DQ284293",NA,NA,"AY583346",NA,NA,NA,NA,"NT","decreasing"
"121","Aneides_aeneus",NA,NA,"AY691742",NA,NA,NA,NA,"AY691701",NA,NA,NA,NA,"NT","decreasing"
"122","Aneides_ferreus",NA,"DQ105359",NA,NA,NA,NA,"EU275845",NA,NA,NA,NA,NA,"NT","decreasing"
"123","Aneides_flavipunctatus","AY274757","DQ105355","NC_006327",NA,NA,NA,"EU275848","EU275809",NA,NA,NA,NA,"NT","decreasing"
"124","Aneides_hardii",NA,NA,"NC_006338",NA,NA,NA,"EU275811","EU275780",NA,NA,NA,NA,"LC","stable"
"125","Aneides_lugubris",NA,"DQ105350","AY691758",NA,NA,NA,"EU275847","EU275807",NA,NA,NA,NA,"LC","stable"
"126","Aneides_vagrans",NA,"DQ105363",NA,NA,NA,NA,"EU275846","EU275806",NA,NA,NA,NA,"NT","decreasing"
"222","Batrachoseps_attenuatus","AY032923","EU011482","FJ417823",NA,NA,NA,NA,"EU020160",NA,NA,NA,NA,"LC","stable"
"223","Batrachoseps_campi",NA,NA,"U89626",NA,NA,NA,NA,NA,NA,NA,NA,NA,"EN","decreasing"
"224","Batrachoseps_diabolicus",NA,"EU011256","AF057550",NA,NA,NA,NA,"EU020163",NA,NA,NA,NA,"DD","unknown"
"225","Batrachoseps_gabrieli",NA,"EU011248","EU011249",NA,NA,NA,NA,"EU020161",NA,NA,NA,NA,"DD","unknown"
"226","Batrachoseps_gavilanensis",NA,"EU011260","EU011261",NA,NA,NA,NA,"EU020162",NA,NA,NA,NA,"LC","stable"
"227","Batrachoseps_gregarius",NA,NA,"AF057553",NA,NA,NA,NA,NA,NA,NA,NA,NA,"LC","stable"
"228","Batrachoseps_kawia",NA,NA,"AF057552",NA,NA,NA,NA,NA,NA,NA,NA,NA,"DD","unknown"
"229","Batrachoseps_major",NA,"DQ642047","AY691754",NA,NA,NA,"EU275855","AY650126",NA,NA,NA,NA,"LC","stable"
"230","Batrachoseps_nigriventris",NA,"EU011252","EU011253",NA,NA,NA,NA,"EU020164",NA,NA,NA,NA,"LC","stable"
"231","Batrachoseps_pacificus",NA,NA,"U89623",NA,NA,NA,NA,NA,NA,NA,NA,NA,"LC","stable"
"232","Batrachoseps_regius",NA,NA,"AF057549",NA,NA,NA,NA,NA,NA,NA,NA,NA,"VU","stable"
"233","Batrachoseps_relictus",NA,NA,"AF057551",NA,NA,NA,NA,NA,NA,NA,NA,NA,"DD","unknown"
"234","Batrachoseps_simatus",NA,NA,"U89621",NA,NA,NA,NA,NA,NA,NA,NA,NA,"VU","stable"
"235","Batrachoseps_wrighti",NA,NA,"U89625",NA,NA,NA,NA,"EU020165",NA,NA,NA,NA,"VU","decreasing"
"236","Batrachuperus_karlschmidti",NA,"AY028726","AY028754",NA,NA,NA,NA,NA,NA,NA,NA,NA,"VU","decreasing"
"237","Batrachuperus_londongensis","AY916005","AY593121","AY593135",NA,NA,NA,NA,NA,NA,NA,NA,NA,"EN","decreasing"
"238","Batrachuperus_pinchonii","AY916007","DQ283340","AY593142","EF017998","DQ284330","EF018023",NA,"EF018054",NA,NA,"EF107362",NA,"VU","decreasing"
"239","Batrachuperus_tibetanus","AY916004","AY916004","EU296381",NA,NA,NA,NA,NA,NA,NA,NA,NA,"VU","decreasing"
"240","Batrachuperus_yenyuanensis","AY916009","AY028734","AY593145",NA,NA,NA,NA,NA,NA,NA,NA,NA,"VU","decreasing"
"256","Bolitoglossa_adspersa",NA,"AF218492","AF212984",NA,NA,NA,NA,NA,NA,NA,NA,NA,"LC","stable"
"257","Bolitoglossa_altamazonica",NA,"AY526117","AY526160",NA,NA,NA,NA,NA,NA,NA,NA,NA,"LC","stable"
"258","Bolitoglossa_alvaradoi",NA,"AY526157","AY526194",NA,NA,NA,NA,NA,NA,NA,NA,NA,"EN","decreasing"
"259","Bolitoglossa_biseriata",NA,"AY526118","AY526161",NA,NA,NA,NA,NA,NA,NA,NA,NA,"LC","stable"
"260","Bolitoglossa_carri",NA,"AY526139","AY526176",NA,NA,NA,NA,NA,NA,NA,NA,NA,"CR","decreasing"
"261","Bolitoglossa_celaque",NA,"AY526141","AY526178",NA,NA,NA,NA,NA,NA,NA,NA,NA,"EN","decreasing"
"262","Bolitoglossa_cerroensis",NA,"AF199233","AF199195",NA,NA,NA,NA,NA,NA,NA,NA,NA,"LC","stable"
"263","Bolitoglossa_colonnea",NA,"AY526119","AY526162",NA,NA,NA,NA,NA,NA,NA,NA,NA,"LC","unknown"
"264","Bolitoglossa_conanti",NA,"AY526142","AY526179",NA,NA,NA,NA,NA,NA,NA,NA,NA,"EN","decreasing"
"265","Bolitoglossa_decora",NA,"AY526143","AY526180",NA,NA,NA,NA,NA,NA,NA,NA,NA,"CR","decreasing"
"266","Bolitoglossa_diaphora",NA,"AY526144","AY526181",NA,NA,NA,NA,NA,NA,NA,NA,NA,"CR","decreasing"
"267","Bolitoglossa_dofleini",NA,"AF218497","AF212988",NA,NA,NA,NA,NA,NA,NA,NA,NA,"NT","decreasing"
"268","Bolitoglossa_dunni",NA,"AY526145","AY526182",NA,NA,NA,NA,NA,NA,NA,NA,NA,"EN","unknown"
"269","Bolitoglossa_engelhardti",NA,"AF218496","AF212987",NA,NA,NA,NA,NA,NA,NA,NA,NA,"EN","decreasing"
"270","Bolitoglossa_epimela",NA,"AY526120","AF212097",NA,NA,NA,NA,NA,NA,NA,NA,NA,"DD","unknown"
"271","Bolitoglossa_equatoriana",NA,NA,"DQ353845",NA,NA,NA,NA,NA,NA,NA,NA,NA,"LC","unknown"
"272","Bolitoglossa_flavimembris",NA,"AY526146","AY526183",NA,NA,NA,NA,NA,NA,NA,NA,NA,"EN","decreasing"
"273","Bolitoglossa_flaviventris",NA,"AF218491","AF212983",NA,NA,NA,NA,NA,NA,NA,NA,NA,"EN","decreasing"
"274","Bolitoglossa_franklini",NA,"AY526147","AY526184",NA,NA,NA,NA,NA,NA,NA,NA,NA,"EN","decreasing"
"275","Bolitoglossa_gracilis",NA,"DQ640053","AF212068",NA,NA,NA,NA,NA,NA,NA,NA,NA,"VU","stable"
"276","Bolitoglossa_hartwegi",NA,"AF218494","AF212985",NA,NA,NA,NA,NA,NA,NA,NA,NA,"NT","stable"
"277","Bolitoglossa_helmrichi",NA,NA,"AY691755",NA,NA,NA,NA,"AY650124",NA,NA,NA,NA,"NT","stable"
"278","Bolitoglossa_hermosa",NA,"AF416686","AF416678",NA,NA,NA,NA,NA,NA,NA,NA,NA,"NT","unknown"
"279","Bolitoglossa_lignicolor",NA,"AF218484",NA,NA,NA,NA,NA,NA,NA,NA,NA,NA,"VU","decreasing"
"280","Bolitoglossa_lincolni",NA,"AY526148","AY526185",NA,NA,NA,NA,NA,NA,NA,NA,NA,"NT","stable"
"281","Bolitoglossa_longissima",NA,"AY526149","AY526186",NA,NA,NA,NA,NA,NA,NA,NA,NA,"CR","decreasing"
"282","Bolitoglossa_macrinii",NA,"AF416689","AF416679",NA,NA,NA,NA,NA,NA,NA,NA,NA,"NT","decreasing"
"283","Bolitoglossa_marmorea",NA,"AF218493","U89627",NA,NA,NA,NA,NA,NA,NA,NA,NA,"EN","decreasing"
"284","Bolitoglossa_medemi",NA,"AY526123","AY526163",NA,NA,NA,NA,NA,NA,NA,NA,NA,"VU","decreasing"
"285","Bolitoglossa_mexicana",NA,"EF017950","AF212979","EF018000",NA,"EF018025",NA,"EF018055",NA,NA,"EF107384",NA,"LC","decreasing"
"286","Bolitoglossa_minutula",NA,"AY526124","AF212098",NA,NA,NA,NA,NA,NA,NA,NA,NA,"EN","decreasing"
"287","Bolitoglossa_mombachoensis",NA,"AY133489","AY133486",NA,NA,NA,NA,NA,NA,NA,NA,NA,"VU","stable"
"288","Bolitoglossa_morio",NA,"AY526150","AY526187",NA,NA,NA,NA,NA,NA,NA,NA,NA,"LC","stable"
"289","Bolitoglossa_oaxacensis",NA,"AF416690","AF416681",NA,NA,NA,NA,NA,NA,NA,NA,NA,"DD","unknown"
"290","Bolitoglossa_occidentalis",NA,"AY526115","AY526158",NA,NA,NA,NA,NA,NA,NA,NA,NA,"LC","stable"
"291","Bolitoglossa_odonnelli",NA,"AF218483",NA,NA,NA,NA,NA,NA,NA,NA,NA,NA,"NT","unknown"
"292","Bolitoglossa_palmata",NA,"AY526126","AY526165",NA,NA,NA,NA,NA,NA,NA,NA,NA,"VU","stable"
"293","Bolitoglossa_paraensis",NA,"AY526129","AY526168",NA,NA,NA,NA,NA,NA,NA,NA,NA,"DD","unknown"
"294","Bolitoglossa_peruviana",NA,"AY526131",NA,NA,NA,NA,NA,NA,NA,NA,NA,NA,"LC","unknown"
"295","Bolitoglossa_pesrubra",NA,"EU448105","AF212084",NA,NA,NA,NA,NA,NA,NA,NA,NA,"VU","decreasing"
"296","Bolitoglossa_platydactyla",NA,"DQ640054","AY133484",NA,NA,NA,NA,NA,NA,NA,NA,NA,"NT","decreasing"
"297","Bolitoglossa_porrasorum",NA,"AY526151","AY526188",NA,NA,NA,NA,NA,NA,NA,NA,NA,"EN","decreasing"
"298","Bolitoglossa_riletti",NA,"AF416696","AF416682",NA,NA,NA,NA,NA,NA,NA,NA,NA,"EN","decreasing"
"299","Bolitoglossa_robusta",NA,"EU448109","EU448110",NA,NA,NA,NA,NA,NA,NA,NA,NA,"LC","decreasing"
"300","Bolitoglossa_rostrata",NA,"AY526153","AY526190",NA,NA,NA,NA,NA,NA,NA,NA,NA,"VU","decreasing"
"301","Bolitoglossa_rufescens","DQ283335","DQ283335 ","AY526159",NA,"DQ284326",NA,NA,NA,NA,NA,NA,NA,"LC","stable"
"302","Bolitoglossa_schizodactyla",NA,"AY526133","AY526171",NA,NA,NA,NA,NA,NA,NA,NA,NA,"LC","decreasing"
"303","Bolitoglossa_sima",NA,"AY526134","AY526172",NA,NA,NA,NA,NA,NA,NA,NA,NA,"VU","decreasing"
"304","Bolitoglossa_sooyorum",NA,"EU448108",NA,NA,NA,NA,NA,NA,NA,NA,NA,NA,"EN","decreasing"
"305","Bolitoglossa_striatula",NA,"AF218488","AF212982",NA,NA,NA,NA,NA,NA,NA,NA,NA,"LC","decreasing"
"306","Bolitoglossa_subpalmata",NA,"EU448107","AF212095",NA,NA,NA,NA,NA,NA,NA,NA,NA,"EN","decreasing"
"307","Bolitoglossa_synoria",NA,"AY526156","AY526193",NA,NA,NA,NA,NA,NA,NA,NA,NA,"CR","unknown"
"308","Bolitoglossa_yucatana",NA,"AF218486","AF212980",NA,NA,NA,NA,NA,NA,NA,NA,NA,"LC","decreasing"
"309","Bolitoglossa_zapoteca",NA,"DQ640040","AF416684",NA,NA,NA,NA,NA,NA,NA,NA,NA,"CR","unknown"
"341","Bradytriton_silus",NA,"DQ640058","DQ640023",NA,NA,NA,NA,NA,NA,NA,NA,NA,"CR","decreasing"
"510","Calotriton_arnoldi","DQ092300","DQ092282","DQ092240",NA,NA,NA,NA,NA,NA,NA,NA,NA,"CR","decreasing"
"511","Calotriton_asper","AY147258","EF107160","FJ403325","EF107446",NA,"EF107220",NA,"EF107283",NA,NA,"EF107346",NA,"NT","decreasing"
"558","Chioglossa_lusitanica","EU880308","EU880308","DQ821196",NA,NA,NA,NA,"AY583347",NA,NA,NA,NA,"VU","decreasing"
"563","Chiropterotriton_arboreus",NA,"AY522474",NA,NA,NA,NA,NA,NA,NA,NA,NA,NA,"CR","decreasing"
"564","Chiropterotriton_chondrostega",NA,"AY523996",NA,NA,NA,NA,NA,NA,NA,NA,NA,NA,"EN","decreasing"
"565","Chiropterotriton_cracens",NA,"AY522462",NA,NA,NA,NA,NA,NA,NA,NA,NA,NA,"EN","decreasing"
"566","Chiropterotriton_dimidiatus",NA,"AY522465",NA,NA,NA,NA,NA,NA,NA,NA,NA,NA,"EN","decreasing"
"567","Chiropterotriton_lavae",NA,"AY522467",NA,NA,NA,NA,NA,NA,NA,NA,NA,NA,"CR","unknown"
"568","Chiropterotriton_magnipes",NA,"AY522470",NA,NA,NA,NA,NA,NA,NA,NA,NA,NA,"CR","decreasing"
"569","Chiropterotriton_multidentatus",NA,"AY522473",NA,NA,NA,NA,NA,NA,NA,NA,NA,NA,"EN","decreasing"
"570","Chiropterotriton_orculus",NA,"AY522452",NA,NA,NA,NA,NA,NA,NA,NA,NA,NA,"VU","decreasing"
"571","Chiropterotriton_priscus",NA,"AY522476",NA,NA,NA,NA,NA,NA,NA,NA,NA,NA,"NT","stable"
"572","Chiropterotriton_terrestris",NA,"AY522455",NA,NA,NA,NA,NA,NA,NA,NA,NA,NA,"CR","unknown"
"649","Cryptobranchus_alleganiensis","DQ283263","DQ283263 ","AY691719",NA,"DQ284286",NA,NA,"AY650141",NA,NA,NA,NA,"NT","decreasing"
"651","Cryptotriton_alvarezdeltoroi",NA,"DQ640048","AF199120",NA,NA,NA,NA,NA,NA,NA,NA,NA,"EN","decreasing"
"652","Cryptotriton_nasalis",NA,NA,"AF199121",NA,NA,NA,NA,NA,NA,NA,NA,NA,"EN","unknown"
"653","Cryptotriton_veraepacis",NA,"DQ640049","AF199127",NA,NA,NA,NA,NA,NA,NA,NA,NA,"CR","decreasing"
"658","Cynops_ensicauda","EU880310","EU880310","DQ821197",NA,NA,NA,NA,NA,NA,NA,NA,NA,"EN","decreasing"
"661","Cynops_pyrrhogaster","EU880313","EU880313","AF295681",NA,NA,NA,NA,NA,NA,NA,NA,NA,"LC","stable"
"734","Dendrotriton_rabbi",NA,"AF199232","AF199194",NA,NA,NA,NA,NA,NA,NA,NA,NA,"CR","stable"
"739","Desmognathus_aeneus","AF437410","U71237","AY691736",NA,NA,NA,NA,"AY691696",NA,NA,NA,NA,"NT","decreasing"
"740","Desmognathus_apalachicolae","U71238","U71238",NA,NA,NA,NA,NA,NA,NA,NA,NA,NA,"LC","stable"
"741","Desmognathus_auriculatus","U71221","U71221",NA,NA,NA,NA,NA,NA,NA,NA,NA,NA,"LC","stable"
"742","Desmognathus_brimleyorum","U71240","U71240","AY691737",NA,NA,NA,"EU275819","EU275786",NA,NA,NA,NA,"LC","stable"
"743","Desmognathus_carolinensis","AF437373",NA,"AF442538",NA,NA,NA,NA,NA,NA,NA,NA,NA,"LC","stable"
"745","Desmognathus_folkertsi","EU552418",NA,NA,NA,NA,NA,NA,NA,NA,NA,NA,NA,"DD","unknown"
"746","Desmognathus_fuscus","AF437402","U71222","EF028653",NA,NA,NA,"EU275812","EU275781",NA,NA,NA,NA,"LC","stable"
"747","Desmognathus_imitator","U71230","U71230","AF442544",NA,NA,NA,NA,NA,NA,NA,NA,NA,"LC","stable"
"748","Desmognathus_marmoratus","U71226","U71224",NA,NA,NA,NA,NA,NA,NA,NA,NA,NA,"LC","stable"
"749","Desmognathus_monticola","EU552274","U71239","AY691738","EF107465",NA,"EF107240",NA,"AY691698",NA,NA,"EF107391",NA,"LC","stable"
"750","Desmognathus_ochrophaeus","AF437412","U71227","AF442528",NA,NA,NA,NA,NA,NA,NA,NA,NA,"LC","unknown"
"751","Desmognathus_ocoee",NA,NA,"AF442541",NA,NA,NA,NA,NA,NA,NA,NA,NA,"LC","stable"
"752","Desmognathus_orestes","AF437375",NA,"AF442536",NA,NA,NA,NA,NA,NA,NA,NA,NA,"LC","stable"
"754","Desmognathus_quadramaculatus","EU552414","DQ283253","AY691739",NA,"DQ284278",NA,NA,"AY650117","DQ283923","DQ282775",NA,NA,"LC","stable"
"755","Desmognathus_santeetlah","U71236","U71236",NA,NA,NA,NA,NA,NA,NA,NA,NA,NA,"LC","stable"
"756","Desmognathus_welteri","U71231","U71231",NA,NA,NA,NA,NA,NA,NA,NA,NA,NA,"LC","unknown"
"757","Desmognathus_wrighti","AF437317","U71242","AY691740",NA,NA,NA,NA,"AY691699",NA,NA,NA,NA,"LC","stable"
"759","Dicamptodon_aterrimus","GQ368657","GQ368657","AY728957",NA,NA,NA,NA,NA,NA,NA,NA,NA,"LC","stable"
"760","Dicamptodon_copei",NA,NA,"DQ999075",NA,NA,NA,NA,"AY691695",NA,NA,NA,NA,"LC","stable"
"761","Dicamptodon_ensatus","DQ283118","DQ283118 ","AY734622","EF107496","DQ284164","EF107276",NA,"EF107335",NA,NA,NA,NA,"NT","unknown"
"762","Dicamptodon_tenebrosus","DQ283261","DQ283261 ","DQ387957",NA,"DQ284284",NA,"EU275824","EU275789",NA,NA,NA,NA,"LC","stable"
"775","Echinotriton_andersoni","EU880314","EU880314","EU880314",NA,NA,NA,NA,NA,NA,NA,NA,NA,"EN","decreasing"
"776","Echinotriton_chinhaiensis","EU880315","EU880315","EU880315",NA,NA,NA,NA,NA,NA,NA,NA,NA,"CR","decreasing"
"932","Ensatina_eschscholtzii",NA,NA,"FJ151971","EF107497",NA,"EF107277","EU275816","EU275785",NA,NA,"EF107441",NA,"LC","stable"
"947","Euproctus_montanus","EU880316","U04697","DQ821199",NA,NA,NA,NA,NA,NA,NA,NA,NA,"LC","stable"
"948","Euproctus_platycephalus","EU880317","U04699","DQ821201",NA,NA,NA,NA,NA,NA,NA,NA,NA,"EN","decreasing"
"958","Eurycea_bislineata","AF290187",NA,"AY528402",NA,NA,NA,"EU275815","EU275784",NA,NA,NA,NA,"LC","stable"
"959","Eurycea_chisholmensis",NA,NA,"AY014841",NA,NA,NA,NA,NA,NA,NA,NA,NA,"VU","unknown"
"960","Eurycea_cirrigera",NA,NA,NA,NA,NA,NA,NA,"FJ750245",NA,NA,NA,NA,"LC","stable"
"961","Eurycea_junaluska",NA,NA,NA,NA,NA,NA,NA,"FJ750246",NA,NA,NA,NA,"VU","stable"
"962","Eurycea_latitans",NA,NA,"AY014849",NA,NA,NA,NA,NA,NA,NA,NA,NA,"VU","decreasing"
"963","Eurycea_longicauda",NA,NA,"AY528403",NA,NA,NA,NA,"AY650121",NA,NA,NA,NA,"LC","stable"
"964","Eurycea_lucifuga",NA,NA,"EF044248",NA,NA,NA,NA,"FJ917632",NA,NA,NA,NA,"LC","unknown"
"965","Eurycea_multiplicata",NA,NA,"AY528341",NA,NA,NA,NA,"AY691707",NA,NA,NA,NA,"LC","stable"
"966","Eurycea_nana",NA,NA,"AY014846",NA,NA,NA,NA,"EF443113",NA,NA,NA,NA,"VU","stable"
"967","Eurycea_naufragia",NA,NA,"AY014843",NA,NA,NA,NA,NA,NA,NA,NA,NA,"EN","decreasing"
"968","Eurycea_neotenes",NA,NA,"AY528400",NA,NA,NA,NA,"AY650122",NA,NA,NA,NA,"VU","unknown"
"969","Eurycea_pterophila",NA,NA,"AY014851",NA,NA,NA,NA,NA,NA,NA,NA,NA,"DD","unknown"
"970","Eurycea_quadridigitata",NA,"AY523777","AY528401",NA,NA,NA,NA,"AY691708",NA,NA,"EF107397",NA,"LC","stable"
"971","Eurycea_rathbuni",NA,NA,"AY014845",NA,NA,NA,NA,NA,NA,NA,NA,NA,"VU","stable"
"972","Eurycea_sosorum",NA,NA,"AY014857",NA,NA,NA,NA,NA,NA,NA,NA,NA,"VU","stable"
"973","Eurycea_spelaea",NA,NA,"AY528399",NA,NA,NA,NA,NA,NA,NA,NA,NA,"LC","unknown"
"974","Eurycea_tonkawae",NA,NA,"AF252349",NA,NA,NA,NA,"AY691709",NA,NA,NA,NA,"EN","decreasing"
"975","Eurycea_tridentifera",NA,NA,"AY014848",NA,NA,NA,NA,NA,NA,NA,NA,NA,"VU","unknown"
"976","Eurycea_troglodytes",NA,NA,"AY014852",NA,NA,NA,NA,NA,NA,NA,NA,NA,"DD","unknown"
"977","Eurycea_tynerensis",NA,NA,"AY528373",NA,NA,NA,NA,NA,NA,NA,NA,NA,"NT","decreasing"
"978","Eurycea_waterlooensis",NA,NA,"AY014856",NA,NA,NA,NA,NA,NA,NA,NA,NA,"VU","unknown"
"979","Eurycea_wilderae","DQ283254","DQ283254","AF252379",NA,NA,NA,NA,NA,NA,NA,NA,NA,"LC","stable"
"1091","Gyrinophilus_gulolineatus","EU336416",NA,"EU336375",NA,NA,NA,NA,"EU336343",NA,NA,NA,NA,"EN","decreasing"
"1092","Gyrinophilus_palleucus","EU336420",NA,"EU336363",NA,NA,NA,NA,"EU336342",NA,NA,NA,NA,"VU","decreasing"
"1093","Gyrinophilus_porphyriticus","EU336432","DQ283255 ","NC_006341",NA,"DQ284279",NA,"EU275853","AY583349","DQ283924","DQ282776",NA,NA,"LC","stable"
"1101","Hemidactylium_scutatum","AY728231","AY728231","AY728231",NA,NA,NA,"EU275852","AY691712",NA,NA,NA,NA,"LC","stable"
"1156","Hydromantes_brunus",NA,NA,"U89614",NA,NA,NA,"EU275825","EU275790",NA,NA,NA,NA,"VU","unknown"
"1161","Hydromantes_platycephalus","DQ283227","DQ283227 ","U89612",NA,"DQ284257","EF107278","EU275828","EU275793",NA,NA,NA,NA,"LC","stable"
"1162","Hydromantes_shastae",NA,NA,"U89610",NA,NA,NA,"EU275829","EU275794",NA,NA,NA,NA,"VU","stable"
"1241","Hynobius_abei","AY915987","AY915987",NA,NA,NA,NA,NA,NA,NA,NA,NA,NA,"CR","decreasing"
"1242","Hynobius_amjiensis","AY915980","AY593120","AY593134",NA,NA,NA,NA,NA,NA,NA,NA,NA,"CR","decreasing"
"1243","Hynobius_arisanensis","NC_009335","NC_009335","DQ652224",NA,NA,NA,NA,NA,NA,NA,NA,NA,"VU","decreasing"
"1244","Hynobius_boulengeri","AB201671","AB201706","AB266675",NA,NA,NA,NA,NA,NA,NA,NA,NA,"VU","decreasing"
"1245","Hynobius_chinensis","AY915982","AY915982","EF076244",NA,NA,NA,NA,NA,NA,NA,NA,NA,"EN","decreasing"
"1246","Hynobius_dunni","AY915974","AY915974",NA,NA,NA,NA,NA,NA,NA,NA,NA,NA,"EN","decreasing"
"1247","Hynobius_formosanus","AY915992","AY523782","AY593143","EF018001",NA,NA,NA,"DQ347285","DQ347406",NA,"EF107400",NA,"EN","decreasing"
"1250","Hynobius_guabangshanensis",NA,"EF616474","EF076245",NA,NA,NA,NA,NA,NA,NA,NA,NA,"DD","unknown"
"1251","Hynobius_hidamontanus","AY915983","AY915983",NA,NA,NA,NA,NA,NA,NA,NA,NA,NA,"EN","decreasing"
"1252","Hynobius_katoi",NA,NA,"AB266673",NA,NA,NA,NA,NA,NA,NA,NA,NA,"DD","unknown"
"1253","Hynobius_kimurae","AB201670","AB201705","AB266674",NA,NA,NA,NA,NA,NA,NA,NA,"AY341765","LC","stable"
"1254","Hynobius_leechii","DQ366354","DQ888090","EU157028",NA,NA,NA,NA,NA,NA,NA,NA,NA,"LC","decreasing"
"1255","Hynobius_lichenatus","AY915988","AY915988","AB363610",NA,NA,NA,NA,NA,NA,NA,NA,NA,"LC","stable"
"1256","Hynobius_maoershanensis",NA,NA,"EF433580",NA,NA,NA,NA,NA,NA,NA,NA,NA,"DD","unknown"
"1257","Hynobius_naevius","AB201664","AB201702","AB297552",NA,NA,NA,NA,NA,NA,NA,NA,NA,"LC","stable"
"1258","Hynobius_nebulosus","AB201669","AB201704","AB266664",NA,NA,NA,NA,"AY650144",NA,NA,NA,NA,"LC","decreasing"
"1259","Hynobius_nigrescens","AY915991","AY915991",NA,NA,NA,NA,NA,NA,NA,NA,NA,NA,"LC","stable"
"1260","Hynobius_okiensis","AY915979","AY915979",NA,NA,NA,NA,NA,NA,NA,NA,NA,NA,"CR","decreasing"
"1261","Hynobius_quelpaertensis","EF201847","EF201847","EF201847",NA,NA,NA,NA,NA,NA,NA,NA,NA,"DD","unknown"
"1262","Hynobius_retardatus","AY915996","AY915996","AB363609",NA,NA,NA,NA,NA,NA,NA,NA,NA,"LC","stable"
"1263","Hynobius_sonani","AY915993","AY915993","DQ652213",NA,NA,NA,"EU275818",NA,NA,NA,NA,NA,"EN","decreasing"
"1264","Hynobius_stejnegeri","AY915986","AY915986",NA,NA,NA,NA,NA,NA,NA,NA,NA,NA,"VU","decreasing"
"1265","Hynobius_takedai","AY915990","AY915990",NA,NA,NA,NA,NA,NA,NA,NA,NA,NA,"EN","decreasing"
"1266","Hynobius_tokyoensis","AY915989","AY915989","AB266650",NA,NA,NA,NA,NA,NA,NA,NA,NA,"VU","decreasing"
"1267","Hynobius_tsuensis","AY915975","AY915975",NA,NA,NA,NA,NA,NA,NA,NA,NA,NA,"LC","stable"
"1268","Hynobius_yangi",NA,NA,"FJ911531",NA,NA,NA,NA,NA,NA,NA,NA,NA,"EN","decreasing"
"1269","Hynobius_yiwuensis",NA,NA,"AY300158",NA,NA,NA,NA,NA,NA,NA,NA,NA,"VU","decreasing"
"1361","Ichthyosaura_alpestris","AY147256","AY147257","EF089334",NA,NA,NA,NA,NA,NA,NA,NA,NA,"LC","decreasing"
"1386","Karsenia_koreana",NA,NA,NA,NA,NA,NA,"EU275822","AY887135",NA,NA,NA,NA,"LC","unknown"
"1396","Laotriton_laoensis","EU880328","EU880328","EU880328",NA,NA,NA,NA,NA,NA,NA,NA,NA,"EN","decreasing"
"1520","Lissotriton_boscai","DQ092287","DQ092268","DQ821219",NA,NA,NA,NA,NA,NA,NA,NA,NA,"LC","stable"
"1521","Lissotriton_helveticus","DQ092286","DQ092267","DQ821239",NA,NA,NA,NA,NA,NA,NA,NA,NA,"LC","stable"
"1522","Lissotriton_italicus","DQ092288","DQ092269","DQ821242",NA,NA,NA,NA,NA,NA,NA,NA,NA,"LC","decreasing"
"1523","Lissotriton_montandoni",NA,NA,"DQ821259",NA,NA,NA,NA,NA,NA,NA,NA,NA,"LC","decreasing"
"1524","Lissotriton_vulgaris","U04704","U04705","U55948",NA,NA,NA,NA,NA,NA,NA,NA,NA,"LC","stable"
"1634","Liua_shihi","AY916011","AY028746","DQ335746",NA,NA,NA,NA,NA,NA,NA,NA,NA,"NT","decreasing"
"1635","Liua_tsinpaensis","AY916012","AY372534","DQ335729",NA,NA,NA,NA,NA,NA,NA,NA,NA,"VU","decreasing"
"1638","Lyciasalamandra_antalyana",NA,"EU430958",NA,NA,NA,NA,NA,NA,NA,NA,NA,NA,"EN","decreasing"
"1639","Lyciasalamandra_atifi","NC_002756","NC_002756",NA,NA,NA,NA,NA,"AY456261",NA,NA,NA,NA,"EN","stable"
"1640","Lyciasalamandra_billae",NA,"EU430969",NA,NA,NA,NA,NA,NA,NA,NA,NA,NA,"CR","decreasing"
"1641","Lyciasalamandra_fazilae",NA,"EU430976","DQ473604",NA,NA,NA,NA,NA,NA,NA,NA,NA,"EN","stable"
"1642","Lyciasalamandra_flavimembris","EU880318","EU430979","DQ473605",NA,NA,NA,NA,NA,NA,NA,NA,NA,"EN","decreasing"
"1643","Lyciasalamandra_helverseni",NA,"EU430970","DQ473603",NA,NA,NA,NA,NA,NA,NA,NA,NA,"VU","stable"
"1644","Lyciasalamandra_luschani",NA,"EU430983","AY196286",NA,NA,NA,NA,"AY323753",NA,NA,NA,NA,"VU","stable"
"1692","Mertensiella_caucasica","EU880319","EU880319","DQ821203",NA,NA,NA,NA,NA,NA,NA,NA,NA,"VU","decreasing"
"1729","Necturus_alabamensis",NA,NA,"AY691725","EF107498",NA,"EF107279",NA,"AY650136",NA,NA,"EF107442",NA,"EN","decreasing"
"1730","Necturus_beyeri","GQ368658","GQ368658","GQ368658",NA,NA,NA,NA,NA,NA,NA,NA,NA,"LC","unknown"
"1731","Necturus_lewisi","X86249",NA,NA,NA,NA,NA,NA,NA,NA,NA,NA,NA,"NT","decreasing"
"1732","Necturus_maculosus","DQ283412","DQ283412","AY691724",NA,NA,NA,"AY141897","AY650137",NA,NA,NA,NA,"LC","stable"
"1733","Necturus_punctatus",NA,"EF107182",NA,"EF107469",NA,"EF107245",NA,"EF107305",NA,NA,NA,NA,"LC","unknown"
"1738","Neurergus_crocatus","AY147246","EF029977","AY336661",NA,NA,NA,NA,NA,NA,NA,NA,NA,"VU","decreasing"
"1739","Neurergus_kaiseri","AY147250","DQ092280","DQ092233",NA,NA,NA,NA,NA,NA,NA,NA,NA,"CR","decreasing"
"1740","Neurergus_microspilotus","AY147248","AY147249",NA,NA,NA,NA,NA,NA,NA,NA,NA,NA,"CR","decreasing"
"1741","Neurergus_strauchii","AY147244","EU880321","DQ821204",NA,NA,NA,NA,NA,NA,NA,NA,NA,"VU","decreasing"
"1746","Notophthalmus_meridionalis","EU880322","EU880322","EU880322",NA,NA,NA,NA,NA,NA,NA,NA,NA,"EN","decreasing"
"1747","Notophthalmus_perstriatus",NA,NA,"AF380363",NA,NA,NA,NA,NA,NA,NA,NA,NA,"NT","decreasing"
"1748","Notophthalmus_viridescens","U71233","DQ283421 ","AY691731",NA,"DQ284399",NA,NA,"AY650134","DQ284024","DQ282878",NA,NA,"LC","stable"
"1749","Nototriton_abscondens",NA,"DQ640041","AF199134",NA,NA,NA,NA,NA,NA,NA,NA,NA,"LC","stable"
"1750","Nototriton_barbouri",NA,"AF199201","AF199138",NA,NA,NA,NA,NA,NA,NA,NA,NA,"EN","decreasing"
"1751","Nototriton_brodiei",NA,"AF199202","AF199139",NA,NA,NA,NA,NA,NA,NA,NA,NA,"EN","unknown"
"1752","Nototriton_gamezi",NA,"AF199200","AF199135",NA,NA,NA,NA,NA,NA,NA,NA,NA,"VU","stable"
"1753","Nototriton_guanacaste",NA,"AF199203","AF199140",NA,NA,NA,NA,NA,NA,NA,NA,NA,"VU","stable"
"1754","Nototriton_lignicola",NA,"AF199204","AF199142",NA,NA,NA,NA,NA,NA,NA,NA,NA,"CR","decreasing"
"1755","Nototriton_limnospectator",NA,NA,"AF199143",NA,NA,NA,NA,NA,NA,NA,NA,NA,"EN","decreasing"
"1756","Nototriton_picadoi",NA,"AF199205","AF199144",NA,NA,NA,NA,NA,NA,NA,NA,NA,"NT","stable"
"1757","Nototriton_richardi",NA,"DQ640042","AF199148",NA,NA,NA,NA,NA,NA,NA,NA,NA,"NT","stable"
"1758","Nyctanolis_pernix",NA,"DQ640059","DQ640024",NA,NA,NA,NA,"AY691714",NA,NA,NA,NA,"EN","decreasing"
"1796","Oedipina_alleni",NA,"AF199208","AF199151",NA,NA,NA,NA,NA,NA,NA,NA,NA,"LC","stable"
"1797","Oedipina_carablanca",NA,"FJ196862","FJ196869",NA,NA,NA,NA,NA,NA,NA,NA,NA,"EN","unknown"
"1798","Oedipina_collaris",NA,"FJ196863","FJ196870 ",NA,NA,NA,NA,NA,NA,NA,NA,NA,"DD","unknown"
"1799","Oedipina_complex",NA,"AF199213","AF199157",NA,NA,NA,NA,NA,NA,NA,NA,NA,"LC","decreasing"
"1800","Oedipina_cyclocauda",NA,"AF199215","AF199159",NA,NA,NA,NA,NA,NA,NA,NA,NA,"LC","decreasing"
"1801","Oedipina_elongata",NA,"AF199216","AF199160",NA,NA,NA,NA,NA,NA,NA,NA,NA,"LC","decreasing"
"1802","Oedipina_gephyra",NA,"AF199218","AF199162",NA,NA,NA,NA,NA,NA,NA,NA,NA,"EN","decreasing"
"1803","Oedipina_gracilis",NA,"AF199219","AF199163",NA,NA,NA,NA,NA,NA,NA,NA,NA,"EN","decreasing"
"1804","Oedipina_grandis",NA,"AF199220",NA,NA,NA,NA,NA,NA,NA,NA,NA,NA,"EN","decreasing"
"1807","Oedipina_maritima",NA,"AF199221","AF199166",NA,NA,NA,NA,NA,NA,NA,NA,NA,"CR","decreasing"
"1808","Oedipina_pacificensis",NA,"DQ640044","AF199169",NA,NA,NA,NA,NA,NA,NA,NA,NA,"LC","stable"
"1809","Oedipina_parvipes",NA,"AF199211","AF199154",NA,NA,NA,NA,NA,NA,NA,NA,NA,"LC","decreasing"
"1810","Oedipina_poelzi",NA,"AF199226","AF199176",NA,NA,NA,NA,NA,NA,NA,NA,NA,"EN","decreasing"
"1811","Oedipina_pseudouniformis",NA,"AF199227","AF199179",NA,NA,NA,NA,NA,NA,NA,NA,NA,"EN","decreasing"
"1813","Oedipina_savagei",NA,"AF199209","AF199153",NA,NA,NA,NA,NA,NA,NA,NA,NA,"DD","unknown"
"1814","Oedipina_stenopodia",NA,"AF199228","AF199181",NA,NA,NA,NA,NA,NA,NA,NA,NA,"EN","decreasing"
"1815","Oedipina_uniformis",NA,"DQ640045","AF199191",NA,NA,NA,NA,NA,NA,NA,NA,NA,"NT","decreasing"
"1816","Ommatotriton_ophryticus",NA,"EU483499","EU487627",NA,NA,NA,NA,NA,NA,NA,NA,NA,"NT","decreasing"
"1817","Ommatotriton_vittatus","AY725817","EU880338","AY336659",NA,NA,NA,NA,NA,NA,NA,NA,NA,"LC","decreasing"
"1818","Onychodactylus_fischeri","AY915969","DQ417192","AB452959",NA,NA,NA,NA,NA,NA,NA,NA,NA,"LC","decreasing"
"1819","Onychodactylus_japonicus","AY915970","AY915971","AB452892",NA,NA,NA,NA,"AY583350",NA,NA,NA,NA,"LC","stable"
"1902","Pachyhynobius_shangchengensis","AY915972","AY915972","DQ335747",NA,NA,NA,NA,NA,NA,NA,NA,NA,"VU","decreasing"
"1904","Pachytriton_brevipes","DQ283447","DQ283446","EU880324",NA,"DQ284421",NA,NA,NA,NA,NA,NA,NA,"LC","decreasing"
"1905","Pachytriton_labiatus","AY079471","EU880325","DQ821205",NA,NA,NA,NA,"AY583351",NA,NA,NA,NA,"LC","decreasing"
"1912","Paramesotriton_caudopunctatus","AY079457","EU880326","AY233152",NA,NA,NA,NA,NA,NA,NA,NA,NA,"NT","decreasing"
"1913","Paramesotriton_chinensis","AY079461",NA,"AY079478",NA,NA,NA,NA,NA,NA,NA,NA,NA,"LC","decreasing"
"1914","Paramesotriton_deloustali","AY079462","EU880327","AF295672",NA,NA,NA,NA,NA,NA,NA,NA,NA,"VU","decreasing"
"1915","Paramesotriton_fuzhongensis","AY079466",NA,"AY233139",NA,NA,NA,NA,NA,NA,NA,NA,NA,"VU","decreasing"
"1917","Paramesotriton_hongkongensis","AY593111","AY593125","AF295678",NA,NA,NA,NA,NA,NA,NA,NA,NA,"NT","decreasing"
"1922","Parvimolge_townsendi",NA,"AF451247","AF451206",NA,NA,NA,NA,NA,NA,NA,NA,NA,"CR","decreasing"
"1942","Phaeognathus_hubrichti","U71243","U71243","AY691741",NA,NA,NA,"EU275814","EU275783",NA,NA,NA,NA,"EN","decreasing"
"2108","Plethodon_albagula",NA,NA,"DQ994910",NA,NA,NA,NA,"DQ995008",NA,NA,NA,NA,"LC","stable"
"2109","Plethodon_amplus",NA,NA,"DQ994912",NA,NA,NA,NA,"DQ995010",NA,NA,NA,NA,"VU","unknown"
"2110","Plethodon_angusticlavius",NA,NA,"DQ994913",NA,NA,NA,NA,"DQ995011",NA,NA,NA,NA,"LC","stable"
"2111","Plethodon_asupak",NA,NA,"AY688300",NA,NA,NA,NA,NA,NA,NA,NA,NA,"VU","unknown"
"2112","Plethodon_aureolus",NA,NA,"DQ994915",NA,NA,NA,NA,"DQ995012",NA,NA,NA,NA,"DD","unknown"
"2113","Plethodon_caddoensis",NA,NA,"DQ994918",NA,NA,NA,NA,"DQ995013",NA,NA,NA,NA,"NT","unknown"
"2115","Plethodon_cheoah",NA,NA,"DQ994921",NA,NA,NA,NA,"DQ995015",NA,NA,NA,NA,"VU","stable"
"2117","Plethodon_cinereus",NA,"EF107166","DQ994927","EF107452",NA,"EF107226","FJ951365","DQ995021",NA,NA,"EF107360",NA,"LC","stable"
"2118","Plethodon_cylindraceus",NA,NA,"DQ994929",NA,NA,NA,NA,"DQ995022",NA,NA,NA,NA,"LC","stable"
"2119","Plethodon_dorsalis",NA,NA,"DQ994930",NA,NA,NA,NA,"DQ995023",NA,NA,NA,NA,"LC","stable"
"2120","Plethodon_dunni","DQ283262","DQ283262 ","AY183763",NA,"DQ284285",NA,NA,NA,"DQ283930",NA,NA,NA,"LC","stable"
"2121","Plethodon_electromorphus",NA,NA,"DQ994932",NA,NA,NA,NA,"DQ995025",NA,NA,NA,NA,"LC","stable"
"2122","Plethodon_elongatus",NA,NA,"AY688298",NA,NA,NA,"EU275836","AY650120",NA,NA,NA,NA,"NT","decreasing"
"2123","Plethodon_fourchensis",NA,NA,"FJ611436",NA,NA,NA,"EU275838","DQ995026",NA,NA,NA,NA,"VU","unknown"
"2124","Plethodon_glutinosus",NA,NA,"DQ994939",NA,NA,NA,NA,"DQ995027",NA,NA,NA,NA,"LC","stable"
"2126","Plethodon_hoffmani",NA,NA,"DQ994942",NA,NA,NA,"EU275837","DQ995029",NA,NA,NA,NA,"LC","stable"
"2127","Plethodon_hubrichti",NA,NA,"AF302873",NA,NA,NA,NA,"DQ995030",NA,NA,NA,NA,"VU","unknown"
"2128","Plethodon_idahoensis",NA,NA,"AY572106",NA,NA,NA,NA,"GQ247811",NA,NA,NA,NA,"LC","unknown"
"2129","Plethodon_jordani",NA,NA,"DQ994947",NA,"DQ284169",NA,"EU275835","DQ995032",NA,NA,NA,NA,"NT","stable"
"2130","Plethodon_kentucki",NA,NA,"DQ994948",NA,NA,NA,NA,"DQ995033",NA,NA,NA,NA,"LC","stable"
"2131","Plethodon_kiamichi",NA,NA,"DQ994950",NA,NA,NA,NA,"DQ995034",NA,NA,NA,NA,"DD","unknown"
"2132","Plethodon_kisatchie",NA,NA,"DQ994951",NA,NA,NA,NA,"DQ995035",NA,NA,NA,NA,"LC","unknown"
"2133","Plethodon_larselli",NA,NA,NA,NA,NA,NA,"EU275839","DQ995036",NA,NA,NA,NA,"NT","stable"
"2134","Plethodon_meridianus",NA,NA,"DQ994955",NA,NA,NA,NA,"DQ995038",NA,NA,NA,NA,"VU","stable"
"2135","Plethodon_metcalfi",NA,NA,"DQ994957",NA,NA,NA,NA,"DQ995040",NA,NA,NA,NA,"LC","stable"
"2137","Plethodon_montanus",NA,NA,"DQ994961",NA,NA,NA,NA,"DQ995043",NA,NA,NA,NA,"LC","stable"
"2138","Plethodon_neomexicanus",NA,NA,NA,NA,NA,NA,NA,"DQ995044",NA,NA,NA,NA,"NT","stable"
"2139","Plethodon_nettingi",NA,NA,"DQ994964",NA,NA,NA,NA,"DQ995045",NA,NA,NA,NA,"NT","stable"
"2141","Plethodon_ouachitae",NA,NA,"FJ611362",NA,NA,NA,"EU275831","EU275796",NA,NA,NA,NA,"NT","stable"
"2142","Plethodon_petraeus",NA,NA,"DQ994973",NA,NA,NA,NA,"DQ995049",NA,NA,NA,NA,"VU","stable"
"2143","Plethodon_punctatus",NA,NA,"DQ994974",NA,NA,NA,NA,"DQ995050",NA,NA,NA,NA,"NT","stable"
"2144","Plethodon_richmondi",NA,NA,"DQ994977",NA,NA,NA,NA,"DQ995054",NA,NA,NA,NA,"LC","stable"
"2146","Plethodon_sequoyah",NA,NA,"DQ994979",NA,NA,NA,NA,"DQ995056",NA,NA,NA,NA,"DD","unknown"
"2147","Plethodon_serratus",NA,NA,"DQ994981",NA,NA,NA,"EU275830","EU275795",NA,NA,NA,NA,"LC","stable"
"2148","Plethodon_shenandoah",NA,NA,"DQ994984",NA,NA,NA,NA,"DQ995062",NA,NA,NA,NA,"VU","stable"
"2149","Plethodon_shermani",NA,NA,"DQ994987",NA,NA,NA,NA,"DQ995067",NA,NA,NA,NA,"VU","stable"
"2150","Plethodon_stormi",NA,NA,"AY688301",NA,NA,NA,NA,NA,NA,NA,NA,NA,"EN","decreasing"
"2151","Plethodon_teyahalee",NA,NA,"DQ994990",NA,NA,NA,"EU275834","DQ995068",NA,NA,NA,NA,"LC","stable"
"2152","Plethodon_vandykei",NA,NA,"AY962290",NA,NA,NA,"EU275833","AY691715",NA,NA,NA,NA,"LC","stable"
"2154","Plethodon_vehiculum",NA,NA,"AY691760",NA,NA,NA,NA,"AY691716",NA,NA,NA,NA,"LC","stable"
"2155","Plethodon_ventralis",NA,NA,"DQ994994",NA,NA,NA,NA,"DQ995071",NA,NA,NA,NA,"LC","stable"
"2156","Plethodon_virginia",NA,NA,"DQ994995",NA,NA,NA,NA,"DQ995072",NA,NA,NA,NA,"NT","unknown"
"2157","Plethodon_websteri",NA,NA,"DQ994904",NA,NA,NA,NA,"DQ995073",NA,NA,NA,NA,"LC","decreasing"
"2158","Plethodon_wehrlei",NA,NA,"DQ994998",NA,NA,NA,NA,"DQ995075",NA,NA,NA,NA,"LC","stable"
"2159","Plethodon_welleri",NA,NA,"AY691761",NA,NA,NA,NA,"AY691717",NA,NA,NA,NA,"EN","decreasing"
"2160","Plethodon_yonahlossee","Y10948","Y10948","AY691762",NA,NA,NA,"EU275832","DQ995078",NA,NA,NA,NA,"LC","stable"
"2170","Pleurodeles_nebulosus",NA,"DQ092266",NA,NA,NA,NA,NA,NA,NA,NA,NA,NA,"VU","decreasing"
"2171","Pleurodeles_poireti","AY222467","DQ092263","AY222519",NA,NA,NA,"EU275820","EU275787",NA,NA,NA,NA,"EN","decreasing"
"2172","Pleurodeles_waltl","AY522564","DQ283445 ","AY222514",NA,"DQ284420",NA,NA,"AY523736",NA,NA,"AY948856",NA,"NT","decreasing"
"2315","Proteus_anguinus","DQ494769","EF107180","GQ368659","EF107467",NA,"EF107243",NA,"AY650138",NA,NA,"EF107402",NA,"VU","decreasing"
"2342","Pseudobranchus_axanthus","GQ368660","GQ368660","AY713283",NA,NA,NA,NA,NA,NA,NA,NA,NA,"LC",""
"2343","Pseudobranchus_striatus","DQ283182","DQ283183","AY713225",NA,"DQ284217",NA,NA,NA,NA,NA,NA,NA,"LC","stable"
"2344","Pseudoeurycea_altamontana",NA,"AF451245","AF380782",NA,NA,NA,NA,NA,NA,NA,NA,NA,"EN","decreasing"
"2345","Pseudoeurycea_anitae",NA,"AF451227",NA,NA,NA,NA,NA,NA,NA,NA,NA,NA,"CR","unknown"
"2346","Pseudoeurycea_bellii",NA,"AF451214","AF451194",NA,NA,NA,NA,NA,NA,NA,NA,NA,"VU","decreasing"
"2347","Pseudoeurycea_boneti",NA,"AY864714","AY864688",NA,NA,NA,NA,NA,NA,NA,NA,NA,"VU","decreasing"
"2348","Pseudoeurycea_brunnata",NA,"AF451232",NA,NA,NA,NA,NA,NA,NA,NA,NA,NA,"CR","decreasing"
"2349","Pseudoeurycea_cephalica",NA,"AF451218","AF451199",NA,NA,NA,NA,NA,NA,NA,NA,NA,"NT","decreasing"
"2350","Pseudoeurycea_cochranae",NA,"AF451222","AF451201",NA,NA,NA,NA,NA,NA,NA,NA,NA,"EN","decreasing"
"2351","Pseudoeurycea_conanti","DQ283454","DQ283454 ",NA,NA,"DQ284427",NA,NA,NA,NA,NA,NA,NA,"EN","unknown"
"2352","Pseudoeurycea_exspectata",NA,"AF451234",NA,NA,NA,NA,NA,NA,NA,NA,NA,NA,"CR","decreasing"
"2353","Pseudoeurycea_firscheini",NA,"DQ642045","DQ642046",NA,NA,NA,NA,NA,NA,NA,NA,NA,"EN","decreasing"
"2354","Pseudoeurycea_gadovii",NA,"AF451230",NA,NA,NA,NA,NA,NA,NA,NA,NA,NA,"EN","decreasing"
"2355","Pseudoeurycea_galeanae",NA,"AF451220","AF451197",NA,NA,NA,NA,NA,NA,NA,NA,NA,"NT","unknown"
"2356","Pseudoeurycea_gigantea",NA,"AY864707","AY864685",NA,NA,NA,NA,NA,NA,NA,NA,NA,"CR","decreasing"
"2357","Pseudoeurycea_goebeli",NA,"AF451236",NA,NA,NA,NA,NA,NA,NA,NA,NA,NA,"CR","decreasing"
"2358","Pseudoeurycea_juarezi",NA,"DQ640031","AF380771",NA,NA,NA,NA,NA,NA,NA,NA,NA,"CR","decreasing"
"2359","Pseudoeurycea_leprosa",NA,"DQ640033","AF380780",NA,NA,NA,NA,NA,NA,NA,NA,NA,"VU","decreasing"
"2360","Pseudoeurycea_longicauda",NA,"AF451246","AF380757",NA,NA,NA,NA,NA,NA,NA,NA,NA,"EN","decreasing"
"2361","Pseudoeurycea_lynchi",NA,"AF451225","AF451204",NA,NA,NA,NA,NA,NA,NA,NA,NA,"CR","decreasing"
"2362","Pseudoeurycea_maxima",NA,"AY864693","AY864684",NA,NA,NA,NA,NA,NA,NA,NA,NA,"DD","unknown"
"2363","Pseudoeurycea_melanomolga",NA,"AF451228","AF451200",NA,NA,NA,NA,NA,NA,NA,NA,NA,"EN","decreasing"
"2364","Pseudoeurycea_mystax",NA,"DQ640035","AF380756",NA,NA,NA,NA,NA,NA,NA,NA,NA,"EN","decreasing"
"2365","Pseudoeurycea_naucampatepetl",NA,NA,"AY864683",NA,NA,NA,NA,NA,NA,NA,NA,NA,"CR","decreasing"
"2366","Pseudoeurycea_nigromaculata",NA,"AF451239",NA,NA,NA,NA,NA,NA,NA,NA,NA,NA,"CR","decreasing"
"2367","Pseudoeurycea_obesa",NA,"AY762354","AY762358",NA,NA,NA,NA,NA,NA,NA,NA,NA,"DD","unknown"
"2368","Pseudoeurycea_papenfussi",NA,"AY762352","AY762356",NA,NA,NA,NA,NA,NA,NA,NA,NA,"NT","unknown"
"2369","Pseudoeurycea_rex",NA,"AF451237","AY691757",NA,NA,NA,NA,"AY650125",NA,NA,NA,NA,"CR","decreasing"
"2370","Pseudoeurycea_robertsi",NA,"AF380831","AF380792",NA,NA,NA,NA,NA,NA,NA,NA,NA,"CR","stable"
"2371","Pseudoeurycea_ruficauda",NA,"AY354473","AY354476",NA,NA,NA,NA,NA,NA,NA,NA,NA,"DD","unknown"
"2372","Pseudoeurycea_saltator",NA,"AF380812","AF380773",NA,NA,NA,NA,NA,NA,NA,NA,NA,"CR","decreasing"
"2373","Pseudoeurycea_scandens",NA,"AF451244",NA,NA,NA,NA,NA,NA,NA,NA,NA,NA,"VU","unknown"
"2374","Pseudoeurycea_smithi",NA,"AF451224","AF451203",NA,NA,NA,NA,NA,NA,NA,NA,NA,"CR","decreasing"
"2375","Pseudoeurycea_tenchalli",NA,"AF451223","AF451202",NA,NA,NA,NA,NA,NA,NA,NA,NA,"EN","decreasing"
"2376","Pseudoeurycea_unguidentis",NA,"AF380814","AF380775",NA,NA,NA,NA,NA,NA,NA,NA,NA,"CR","decreasing"
"2377","Pseudoeurycea_werleri",NA,"DQ640034","AF451205",NA,NA,NA,NA,NA,NA,NA,NA,NA,"EN","decreasing"
"2378","Pseudohynobius_flavomaculatus","AY916013","AY916013","DQ335719",NA,NA,NA,NA,NA,NA,NA,NA,NA,"VU","decreasing"
"2379","Pseudohynobius_shuichengensis","FJ532060","FJ532060","DQ335714",NA,NA,NA,NA,NA,NA,NA,NA,NA,"VU","decreasing"
"2383","Pseudotriton_montanus",NA,"EF107217",NA,"EF107499",NA,"EF107280",NA,"EF107339",NA,NA,"EF107443",NA,"LC","unknown"
"2384","Pseudotriton_ruber","AF290190",NA,"AY528404",NA,NA,NA,"EU275854","AY650123",NA,NA,NA,NA,"LC","stable"
"2581","Ranodon_sibiricus","AY915999","AY915999","AY373460",NA,NA,NA,NA,NA,NA,NA,NA,NA,"EN","decreasing"
"2621","Rhyacotriton_cascadae","DQ283110","DQ283110 ","AY691727",NA,NA,NA,NA,"AY691694","DQ283823",NA,NA,NA,"NT","decreasing"
"2622","Rhyacotriton_kezeri",NA,NA,"AY691728",NA,NA,NA,NA,"AY650129",NA,NA,NA,NA,"NT","stable"
"2623","Rhyacotriton_olympicus","X86251","X86285","EF036689",NA,NA,NA,NA,NA,NA,NA,NA,NA,"VU","decreasing"
"2624","Rhyacotriton_variegatus",NA,"EF107179","AY691726","EF107466",NA,"EF107242","EU275823","AY691693",NA,NA,"EF107401",NA,"LC","stable"
"2633","Salamandra_algira","DQ901439",NA,"AY247735",NA,NA,NA,NA,NA,NA,NA,NA,NA,"VU","decreasing"
"2634","Salamandra_atra","AY928616",NA,"U89502",NA,NA,NA,NA,NA,NA,NA,NA,NA,"LC","decreasing"
"2635","Salamandra_corsica","AY928618",NA,"DQ221245",NA,NA,NA,NA,NA,NA,NA,NA,NA,"LC","stable"
"2636","Salamandra_infraimmaculata","DQ221222","EU430954","DQ221242",NA,NA,NA,NA,NA,NA,NA,NA,NA,"NT","decreasing"
"2637","Salamandra_lanzai","DQ221224","EF191041","DQ221244",NA,NA,NA,NA,NA,NA,NA,NA,NA,"VU","stable"
"2638","Salamandra_salamandra","DQ283440","DQ283440 ","EU852738 ","EF017999","DQ284416","EF018024",NA,"AY583352","DQ347354",NA,"EF107368",NA,"LC","decreasing"
"2639","Salamandrella_keyserlingii","AY916003","AY916002","AB363595",NA,NA,NA,NA,"AY650145",NA,NA,NA,NA,"LC","stable"
"2640","Salamandrina_perspicillata","AY928620",NA,NA,NA,NA,NA,NA,NA,NA,NA,NA,NA,"LC","stable"
"2641","Salamandrina_terdigitata","AY928621","AY898736","AY898738",NA,NA,NA,NA,NA,NA,NA,NA,NA,"LC","stable"
"2698","Siren_intermedia","Y10946","Y10946","AY691721","EF107473",NA,"EF107249",NA,"AY583353",NA,NA,"EF107407",NA,"LC","unknown"
"2699","Siren_lacertina","DQ283181","DQ283181 ","AY713291","EF107471","DQ284216","EF107247",NA,"EF107307",NA,"DQ282729","EF107405",NA,"LC","unknown"
"2735","Stereochilus_marginatus",NA,NA,"AY691753",NA,NA,NA,"EU275813","AY691713",NA,NA,NA,NA,"LC","unknown"
"2754","Taricha_granulosa","EU880333","EU880333","AF295683",NA,NA,NA,NA,NA,NA,NA,NA,NA,"LC","stable"
"2755","Taricha_rivularis","EU880334","EU880334","AY691732",NA,NA,NA,NA,"AY650133",NA,NA,NA,NA,"LC","stable"
"2756","Taricha_torosa",NA,"EF107218","L22701",NA,NA,"EF107281",NA,"EF107340",NA,NA,"EF107444",NA,"LC","unknown"
"2786","Thorius_dubitus",NA,"DQ640026","DQ640019",NA,NA,NA,NA,NA,NA,NA,NA,NA,"EN","decreasing"
"2787","Thorius_minutissimus",NA,"DQ640057","DQ640021",NA,NA,NA,NA,NA,NA,NA,NA,NA,"CR","decreasing"
"2788","Thorius_troglodytes",NA,"DQ640056","DQ640020",NA,NA,NA,NA,NA,NA,NA,NA,NA,"EN","decreasing"
"2815","Triturus_carnifex","U04702","U04703","EU030814",NA,NA,NA,NA,NA,NA,NA,NA,NA,"LC","decreasing"
"2816","Triturus_cristatus","DQ283441","EU880336","EU030895",NA,"DQ284417",NA,NA,NA,"DQ284038","DQ282894",NA,NA,"LC","decreasing"
"2817","Triturus_dobrogicus",NA,"EF422226","EU030842",NA,NA,NA,NA,NA,NA,NA,NA,NA,"NT","decreasing"
"2818","Triturus_karelinii","DQ092290","DQ092271","DQ092223",NA,NA,NA,NA,NA,NA,NA,NA,NA,"LC","decreasing"
"2819","Triturus_marmoratus","AY147252","EF107162","DQ092231","EF107448",NA,"EF107222",NA,"AY583354",NA,NA,"EF107350",NA,"LC","decreasing"
"2820","Triturus_pygmaeus","DQ092293","DQ092274","DQ821260",NA,NA,NA,NA,NA,NA,NA,NA,NA,"NT","decreasing"
"2821","Tylototriton_asperrimus","EU880340","EU880340","EU880340",NA,NA,NA,NA,NA,NA,NA,NA,NA,"NT","decreasing"
"2822","Tylototriton_kweichowensis",NA,NA,"EF627456",NA,NA,NA,NA,NA,NA,NA,NA,NA,"VU","decreasing"
"2823","Tylototriton_shanjing","DQ283395","DQ283395 ",NA,NA,"DQ284378",NA,NA,NA,NA,NA,NA,NA,"NT","decreasing"
"2825","Tylototriton_verrucosus",NA,"AY336631","EF627476",NA,NA,NA,NA,NA,NA,NA,NA,NA,"LC","unknown"
"2826","Tylototriton_wenxianensis","EU880341","EU880341","EU880341",NA,NA,NA,"EU275821","EU275788",NA,NA,NA,NA,"VU","decreasing"
"2832","Urspelerpes_brucei",NA,NA,"FJ917634",NA,NA,NA,NA,"FJ917630",NA,NA,NA,NA,"LC","unknown"
